Inhibitor	Direction	Deletion
1	22Dipyridyl	up	YGR157W
2	22Dipyridyl	up	YKL139W
3	22Dipyridyl	up	YER083C
4	22Dipyridyl	up	YDR378C
5	22Dipyridyl	up	YGR014W
65	22Dipyridyl	down	YNL081C
66	22Dipyridyl	down	YBL005W
67	22Dipyridyl	down	YNR041C
68	22Dipyridyl	down	YNL273W
69	22Dipyridyl	down	YPR191W
70	22Dipyridyl	down	YBR266C
71	22Dipyridyl	down	YJL071W
72	22Dipyridyl	down	YDR393W
73	22Dipyridyl	down	YGL154C
74	22Dipyridyl	down	YGR101W
75	22Dipyridyl	down	YPR173C
76	22Dipyridyl	down	YOL095C
77	22Dipyridyl	down	YGL010W
78	22Dipyridyl	down	YGR188C
79	22Dipyridyl	down	YLR239C
80	22Dipyridyl	down	YCR028C-A
81	22Dipyridyl	down	YPL178W
82	22Dipyridyl	down	YBR115C
83	22Dipyridyl	down	YGL004C
84	22Dipyridyl	down	YML001W
85	22Dipyridyl	down	YDR007W
86	22Dipyridyl	down	YCR071C
87	22Dipyridyl	down	YDR004W
88	22Dipyridyl	down	YOR221C
89	22Dipyridyl	down	YJL046W
90	22Dipyridyl	down	YGR032W
91	22Dipyridyl	down	YBR248C
92	22Dipyridyl	down	YIL094C
93	22Dipyridyl	down	YDR019C
94	22Dipyridyl	down	YIL020C
95	22Dipyridyl	down	YNL003C
96	22Dipyridyl	down	YGR022C
97	22Dipyridyl	down	YGL009C
98	22Dipyridyl	down	YGL017W
99	22Dipyridyl	down	YDL013W
100	22Dipyridyl	down	YPL172C
101	22Dipyridyl	down	YOR125C
102	22Dipyridyl	down	YDL006W
103	22Dipyridyl	down	YDR276C
104	22Dipyridyl	down	YDL001W
105	22Dipyridyl	down	YDL002C
106	22Dipyridyl	down	YDR006C
107	22Dipyridyl	down	YHR018C
108	22Dipyridyl	down	YHR134W
109	22Dipyridyl	down	YGL005C
110	22Dipyridyl	down	YBR113W
111	22Dipyridyl	down	YDL012C
112	22Dipyridyl	down	YBR005W
113	22Dipyridyl	down	YOL009C
114	22Dipyridyl	down	YBR130C
115	22Dipyridyl	down	YLR413W
116	22Dipyridyl	down	YGL036W
117	22Dipyridyl	down	YMR289W
118	22Dipyridyl	down	YBL017C
119	22Dipyridyl	down	YKL211C
120	22Dipyridyl	down	YIL057C
121	22Dipyridyl	down	YBR283C
122	22Dipyridyl	down	YEL010W
123	22Dipyridyl	down	YDR005C
124	22Dipyridyl	down	YDR139C
125	22Dipyridyl	down	YHR157W
126	22Dipyridyl	down	YMR044W
127	22Dipyridyl	down	YCR073W-A
128	22Dipyridyl	down	YDR346C
11	24Dimethylimidazole	up	YJL101C
21	24Dimethylimidazole	up	YNL140C
31	24Dimethylimidazole	up	YKL139W
41	24Dimethylimidazole	up	YMR198W
49	24Dimethylimidazole	down	YDR004W
50	24Dimethylimidazole	down	YNL081C
51	24Dimethylimidazole	down	YGR101W
52	24Dimethylimidazole	down	YFL001W
53	24Dimethylimidazole	down	YNL273W
54	24Dimethylimidazole	down	YGR022C
55	24Dimethylimidazole	down	YNR041C
56	24Dimethylimidazole	down	YPR191W
57	24Dimethylimidazole	down	YML001W
58	24Dimethylimidazole	down	YGL010W
59	24Dimethylimidazole	down	YOL095C
60	24Dimethylimidazole	down	YOR221C
61	24Dimethylimidazole	down	YJL046W
62	24Dimethylimidazole	down	YDR393W
63	24Dimethylimidazole	down	YLR237W
64	24Dimethylimidazole	down	YIL094C
651	24Dimethylimidazole	down	YBR248C
661	24Dimethylimidazole	down	YDL006W
671	24Dimethylimidazole	down	YCR071C
681	24Dimethylimidazole	down	YCR028C-A
691	24Dimethylimidazole	down	YHR018C
701	24Dimethylimidazole	down	YGL154C
711	24Dimethylimidazole	down	YJL071W
721	24Dimethylimidazole	down	YBR266C
731	24Dimethylimidazole	down	YMR307W
741	24Dimethylimidazole	down	YDL013W
751	24Dimethylimidazole	down	YPL178W
761	24Dimethylimidazole	down	YDL002C
771	24Dimethylimidazole	down	YGR032W
781	24Dimethylimidazole	down	YOR338W
791	24Dimethylimidazole	down	YBR289W
801	24Dimethylimidazole	down	YIL020C
811	24Dimethylimidazole	down	YLR239C
821	24Dimethylimidazole	down	YGL017W
831	24Dimethylimidazole	down	YPL172C
841	24Dimethylimidazole	down	YGR188C
851	24Dimethylimidazole	down	YDR276C
861	24Dimethylimidazole	down	YMR031W-A
871	24Dimethylimidazole	down	YDR245W
881	24Dimethylimidazole	down	YOR209C
891	24Dimethylimidazole	down	YKL211C
901	24Dimethylimidazole	down	YDR139C
911	24Dimethylimidazole	down	YLR131C
921	24Dimethylimidazole	down	YLR443W
931	24Dimethylimidazole	down	YAR003W
941	24Dimethylimidazole	down	YER116C
951	24Dimethylimidazole	down	YBR113W
961	24Dimethylimidazole	down	YJR109C
12	26Dimethylpyrazine	up	YJL065C
22	26Dimethylpyrazine	up	YOL138C
310	26Dimethylpyrazine	up	YOR279C
47	26Dimethylpyrazine	up	YCR086W
510	26Dimethylpyrazine	up	YJR087W
6	26Dimethylpyrazine	up	YDL083C
7	26Dimethylpyrazine	up	YHR081W
8	26Dimethylpyrazine	up	YMR307W
9	26Dimethylpyrazine	up	YOR112W
24	26Dimethylpyrazine	down	YJL004C
25	26Dimethylpyrazine	down	YML124C
26	26Dimethylpyrazine	down	YFL031W
27	26Dimethylpyrazine	down	YML048W
28	26Dimethylpyrazine	down	YGL166W
29	26Dimethylpyrazine	down	YBR209W
30	26Dimethylpyrazine	down	YDR162C
311	26Dimethylpyrazine	down	YBR164C
32	26Dimethylpyrazine	down	YHL031C
33	26Dimethylpyrazine	down	YCR077C
34	26Dimethylpyrazine	down	YER139C
35	26Dimethylpyrazine	down	YIL128W
36	26Dimethylpyrazine	down	YNL098C
37	26Dimethylpyrazine	down	YOR069W
38	26Dimethylpyrazine	down	YGL165C
39	26Dimethylpyrazine	down	YPL161C
40	26Dimethylpyrazine	down	YLR184W
411	26Dimethylpyrazine	down	YER083C
42	26Dimethylpyrazine	down	YJL169W
43	26Dimethylpyrazine	down	YJR066W
44	26Dimethylpyrazine	down	YJR073C
45	26Dimethylpyrazine	down	YDL077C
46	26Dimethylpyrazine	down	YDR452W
13	2Methylimidazole	up	YKL139W
210	2Methylimidazole	up	YBR016W
15	2Methylimidazole	down	YNL273W
16	2Methylimidazole	down	YER011W
17	2Methylimidazole	down	YDR019C
18	2Methylimidazole	down	YGL154C
19	2Methylimidazole	down	YPL172C
20	2Methylimidazole	down	YHR134W
211	2Methylimidazole	down	YGR157W
221	2Methylimidazole	down	YGR188C
23	2Methylimidazole	down	YJL120W
241	2Methylimidazole	down	YLR182W
251	2Methylimidazole	down	YGR096W
261	2Methylimidazole	down	YGL125W
271	2Methylimidazole	down	YDL197C
281	2Methylimidazole	down	YDR357C
129	45Methylimidazole	up	YOR121C
212	45Methylimidazole	up	YMR272C
312	45Methylimidazole	up	YGR149W
410	45Methylimidazole	up	YLR262C
511	45Methylimidazole	up	YBR130C
610	45Methylimidazole	up	YLR187W
710	45Methylimidazole	up	YMR031W-A
810	45Methylimidazole	up	YJR053W
910	45Methylimidazole	up	YML106W
10	45Methylimidazole	up	YLR094C
1110	45Methylimidazole	up	YPR172W
1210	45Methylimidazole	up	YDR055W
131	45Methylimidazole	up	YOL160W
14	45Methylimidazole	up	YDL019C
151	45Methylimidazole	up	YLR281C
161	45Methylimidazole	up	YBR293W
171	45Methylimidazole	up	YHL028W
181	45Methylimidazole	up	YNL041C
191	45Methylimidazole	up	YER095W
201	45Methylimidazole	up	YJR050W
213	45Methylimidazole	up	YBR283C
222	45Methylimidazole	up	YCL027W
231	45Methylimidazole	up	YDR245W
242	45Methylimidazole	up	YDR309C
252	45Methylimidazole	up	YBR118W
262	45Methylimidazole	up	YDR093W
272	45Methylimidazole	up	YMR316C-B
282	45Methylimidazole	up	YLR413W
291	45Methylimidazole	up	YMR068W
301	45Methylimidazole	up	YLR037C
313	45Methylimidazole	up	YPL121C
321	45Methylimidazole	up	YPL038W
331	45Methylimidazole	up	YNL058C
341	45Methylimidazole	up	YDR100W
351	45Methylimidazole	up	YGR069W
361	45Methylimidazole	up	YBR113W
371	45Methylimidazole	up	YGL198W
381	45Methylimidazole	up	YER066W
391	45Methylimidazole	up	YAR003W
401	45Methylimidazole	up	YLR257W
412	45Methylimidazole	up	YMR326C
421	45Methylimidazole	up	YHR061C
431	45Methylimidazole	up	YKL211C
441	45Methylimidazole	up	YKL216W
451	45Methylimidazole	up	YOR044W
461	45Methylimidazole	up	YGR042W
471	45Methylimidazole	up	YDL162C
48	45Methylimidazole	up	YPL052W
491	45Methylimidazole	up	YCR001W
501	45Methylimidazole	up	YDL114W
512	45Methylimidazole	up	YMR124W
521	45Methylimidazole	up	YHR157W
531	45Methylimidazole	up	YHR167W
541	45Methylimidazole	up	YHL005C
551	45Methylimidazole	up	YDL080C
561	45Methylimidazole	up	YKR064W
571	45Methylimidazole	up	YPR117W
581	45Methylimidazole	up	YNL140C
591	45Methylimidazole	up	YLR018C
601	45Methylimidazole	up	YMR030W
611	45Methylimidazole	up	YIL153W
621	45Methylimidazole	up	YPL244C
130	4OHAcetophenone	up	YMR143W
214	4OHAcetophenone	up	YER092W
314	4OHAcetophenone	up	YGL105W
413	4OHAcetophenone	up	YBR115C
513	4OHAcetophenone	up	YBR266C
612	4OHAcetophenone	up	YHR018C
712	4OHAcetophenone	up	YGR184C
812	4OHAcetophenone	up	YMR039C
912	4OHAcetophenone	up	YEL063C
1010	4OHAcetophenone	up	YBR082C
1111	4OHAcetophenone	up	YFL013C
1211	4OHAcetophenone	up	YBR291C
132	4OHAcetophenone	up	YJR118C
141	4OHAcetophenone	up	YOR304W
152	4OHAcetophenone	up	YJL120W
253	4OHAcetophenone	down	YLR426W
263	4OHAcetophenone	down	YHL031C
273	4OHAcetophenone	down	YFL031W
283	4OHAcetophenone	down	YDL119C
292	4OHAcetophenone	down	YNL153C
302	4OHAcetophenone	down	YBR164C
315	4OHAcetophenone	down	YOL116W
322	4OHAcetophenone	down	YLR055C
332	4OHAcetophenone	down	YDR485C
342	4OHAcetophenone	down	YER056C-A
352	4OHAcetophenone	down	YBR231C
362	4OHAcetophenone	down	YHL025W
372	4OHAcetophenone	down	YFL001W
382	4OHAcetophenone	down	YKL008C
392	4OHAcetophenone	down	YJL004C
402	4OHAcetophenone	down	YDR162C
414	4OHAcetophenone	down	YCR053W
422	4OHAcetophenone	down	YDR334W
432	4OHAcetophenone	down	YPL051W
442	4OHAcetophenone	down	YLR085C
452	4OHAcetophenone	down	YOL081W
462	4OHAcetophenone	down	YGL023C
472	4OHAcetophenone	down	YML071C
481	4OHAcetophenone	down	YOR014W
133	4OHBenzaldehyde	up	YMR143W
215	4OHBenzaldehyde	up	YJL120W
316	4OHBenzaldehyde	up	YGL105W
415	4OHBenzaldehyde	up	YDR121W
514	4OHBenzaldehyde	up	YER092W
613	4OHBenzaldehyde	up	YMR307W
713	4OHBenzaldehyde	up	YGR184C
813	4OHBenzaldehyde	up	YBR200W
913	4OHBenzaldehyde	up	YEL063C
1011	4OHBenzaldehyde	up	YKL050C
393	4OHBenzaldehyde	down	YLR426W
403	4OHBenzaldehyde	down	YAL026C
416	4OHBenzaldehyde	down	YOR008C-A
423	4OHBenzaldehyde	down	YHL031C
433	4OHBenzaldehyde	down	YDL142C
443	4OHBenzaldehyde	down	YIL066C
453	4OHBenzaldehyde	down	YGL124C
463	4OHBenzaldehyde	down	YLR380W
473	4OHBenzaldehyde	down	YML048W
482	4OHBenzaldehyde	down	YIL098C
492	4OHBenzaldehyde	down	YDR162C
502	4OHBenzaldehyde	down	YIL160C
515	4OHBenzaldehyde	down	YBR164C
522	4OHBenzaldehyde	down	YER083C
532	4OHBenzaldehyde	down	YJL004C
542	4OHBenzaldehyde	down	YGL020C
552	4OHBenzaldehyde	down	YMR198W
562	4OHBenzaldehyde	down	YDL119C
572	4OHBenzaldehyde	down	YNL153C
582	4OHBenzaldehyde	down	YPR141C
592	4OHBenzaldehyde	down	YHL025W
602	4OHBenzaldehyde	down	YCR053W
614	4OHBenzaldehyde	down	YFL001W
622	4OHBenzaldehyde	down	YJR120W
631	4OHBenzaldehyde	down	YPL161C
641	4OHBenzaldehyde	down	YOL081W
652	4OHBenzaldehyde	down	YDR354W
662	4OHBenzaldehyde	down	YDR512C
672	4OHBenzaldehyde	down	YNL098C
682	4OHBenzaldehyde	down	YLR262C
692	4OHBenzaldehyde	down	YPL051W
702	4OHBenzaldehyde	down	YLR268W
714	4OHBenzaldehyde	down	YMR183C
722	4OHBenzaldehyde	down	YML081C-A
732	4OHBenzaldehyde	down	YML071C
742	4OHBenzaldehyde	down	YDR360W
752	4OHBenzaldehyde	down	YKL212W
762	4OHBenzaldehyde	down	YGL043W
134	4OHBenzoicAcid	up	YMR289W
216	4OHBenzoicAcid	up	YNL223W
317	4OHBenzoicAcid	up	YHL028W
417	4OHBenzoicAcid	up	YPR172W
516	4OHBenzoicAcid	up	YER097W
615	4OHBenzoicAcid	up	YDR285W
715	4OHBenzoicAcid	up	YMR031W-A
814	4OHBenzoicAcid	up	YMR307W
914	4OHBenzoicAcid	up	YBR283C
1012	4OHBenzoicAcid	up	YAR003W
1112	4OHBenzoicAcid	up	YKL211C
1212	4OHBenzoicAcid	up	YCL027W
135	4OHBenzoicAcid	up	YPL244C
142	4OHBenzoicAcid	up	YNL334C
153	4OHBenzoicAcid	up	YGR149W
162	4OHBenzoicAcid	up	YOL160W
172	4OHBenzoicAcid	up	YER066W
182	4OHBenzoicAcid	up	YBR118W
192	4OHBenzoicAcid	up	YMR030W
202	4OHBenzoicAcid	up	YJR053W
217	4OHBenzoicAcid	up	YKL216W
223	4OHBenzoicAcid	down	YNL125C
232	4OHBenzoicAcid	down	YOL090W
243	4OHBenzoicAcid	down	YDL119C
254	4OHBenzoicAcid	down	YEL063C
264	4OHBenzoicAcid	down	YGR184C
274	4OHBenzoicAcid	down	YDR213W
136	5HMF	up	YJL120W
218	5HMF	up	YGL195W
318	5HMF	up	YFR009W
418	5HMF	up	YMR143W
517	5HMF	up	YKR026C
616	5HMF	up	YJL101C
716	5HMF	up	YMR307W
815	5HMF	up	YGR184C
915	5HMF	up	YGL084C
1013	5HMF	up	YKR082W
1113	5HMF	up	YOL001W
1213	5HMF	up	YDR159W
137	5HMF	up	YAL010C
143	5HMF	down	YMR283C
154	5HMF	down	YER151C
163	5HMF	down	YKL079W
173	5HMF	down	YLR032W
183	5HMF	down	YBR025C
193	5HMF	down	YMR183C
203	5HMF	down	YFL001W
219	5HMF	down	YNL273W
224	5HMF	down	YDR360W
233	5HMF	down	YLR315W
138	Acetamide	up	YAL023C
2110	Acetamide	down	YCR086W
225	Acetamide	down	YJR140C
234	Acetamide	down	YDR074W
244	Acetamide	down	YKL050C
255	Acetamide	down	YDR451C
265	Acetamide	down	YNR010W
275	Acetamide	down	YBR200W
284	Acetamide	down	YOR038C
293	Acetamide	down	YLR113W
303	Acetamide	down	YER156C
319	Acetamide	down	YCR081W
323	Acetamide	down	YCR077C
333	Acetamide	down	YNL229C
343	Acetamide	down	YJL124C
353	Acetamide	down	YNL147W
363	Acetamide	down	YHL025W
373	Acetamide	down	YLR085C
383	Acetamide	down	YBR231C
394	Acetamide	down	YDR378C
404	Acetamide	down	YML016C
139	AcetoSyringone	up	YGL136C
220	AcetoSyringone	up	YDR126W
320	AcetoSyringone	up	YGR089W
419	AcetoSyringone	up	YPL095C
518	AcetoSyringone	up	YLR239C
617	AcetoSyringone	up	YGL007W
717	AcetoSyringone	up	YKL124W
816	AcetoSyringone	up	YER108C
916	AcetoSyringone	up	YGL105W
1014	AcetoSyringone	up	YIL020C
1114	AcetoSyringone	up	YGR023W
1214	AcetoSyringone	up	YDR006C
1310	AcetoSyringone	up	YMR143W
144	AcetoSyringone	up	YEL063C
155	AcetoSyringone	up	YBR115C
164	AcetoSyringone	up	YDL077C
174	AcetoSyringone	up	YNR041C
184	AcetoSyringone	up	YBL003C
194	AcetoSyringone	up	YBL009W
204	AcetoSyringone	up	YBR005W
2111	AcetoSyringone	up	YER092W
226	AcetoSyringone	up	YMR039C
235	AcetoSyringone	up	YHR018C
245	AcetoSyringone	up	YGR101W
256	AcetoSyringone	up	YNL215W
266	AcetoSyringone	up	YGR032W
276	AcetoSyringone	up	YDR393W
285	AcetoSyringone	up	YOR309C
294	AcetoSyringone	up	YDL013W
304	AcetoSyringone	up	YIL094C
3110	AcetoSyringone	up	YDR011W
324	AcetoSyringone	up	YBR001C
334	AcetoSyringone	up	YGL005C
344	AcetoSyringone	up	YDR007W
354	AcetoSyringone	up	YJL071W
364	AcetoSyringone	up	YGL004C
374	AcetoSyringone	up	YDL002C
384	AcetoSyringone	up	YPR191W
395	AcetoSyringone	up	YNL003C
405	AcetoSyringone	up	YCR028C-A
4110	AcetoSyringone	up	YNL081C
424	AcetoSyringone	up	YBR266C
434	AcetoSyringone	up	YGR184C
444	AcetoSyringone	up	YDR276C
454	AcetoSyringone	up	YDL001W
464	AcetoSyringone	up	YDL006W
474	AcetoSyringone	up	YOR221C
483	AcetoSyringone	up	YGL009C
493	AcetoSyringone	up	YPL178W
503	AcetoSyringone	up	YGL017W
519	AcetoSyringone	up	YJL204C
523	AcetoSyringone	up	YBR200W
533	AcetoSyringone	up	YOL095C
543	AcetoSyringone	up	YPR173C
553	AcetoSyringone	up	YDR019C
563	AcetoSyringone	up	YGL010W
573	AcetoSyringone	up	YDR004W
583	AcetoSyringone	up	YGR022C
593	AcetoSyringone	up	YML001W
603	AcetoSyringone	up	YDL081C
618	AcetoSyringone	up	YBR291C
623	AcetoSyringone	up	YDR174W
632	AcetoSyringone	up	YOR125C
642	AcetoSyringone	up	YMR294W
653	AcetoSyringone	up	YJL046W
663	AcetoSyringone	up	YPR123C
673	AcetoSyringone	up	YMR116C
683	AcetoSyringone	up	YGL154C
693	AcetoSyringone	up	YBR248C
703	AcetoSyringone	up	YJL120W
718	AcetoSyringone	up	YDR477W
723	AcetoSyringone	up	YDL096C
733	AcetoSyringone	down	YEL037C
743	AcetoSyringone	down	YAL024C
753	AcetoSyringone	down	YDL070W
763	AcetoSyringone	down	YOL124C
772	AcetoSyringone	down	YHL031C
782	AcetoSyringone	down	YML097C
792	AcetoSyringone	down	YBR036C
802	AcetoSyringone	down	YNL293W
817	AcetoSyringone	down	YOL116W
822	AcetoSyringone	down	YBR164C
832	AcetoSyringone	down	YGL054C
842	AcetoSyringone	down	YJR140C
852	AcetoSyringone	down	YAL011W
862	AcetoSyringone	down	YGL165C
872	AcetoSyringone	down	YDR485C
140	Acetovanillone	up	YER092W
227	Acetovanillone	up	YOR106W
325	Acetovanillone	up	YCL063W
420	Acetovanillone	up	YIL020C
520	Acetovanillone	up	YBR266C
619	Acetovanillone	up	YHR018C
719	Acetovanillone	up	YKL124W
818	Acetovanillone	up	YDR006C
917	Acetovanillone	up	YGL105W
1015	Acetovanillone	up	YOR304W
1115	Acetovanillone	up	YEL063C
1215	Acetovanillone	up	YMR143W
1311	Acetovanillone	up	YPL101W
145	Acetovanillone	up	YDR393W
156	Acetovanillone	up	YBR291C
165	Acetovanillone	up	YGL005C
175	Acetovanillone	up	YBR082C
185	Acetovanillone	up	YIL094C
195	Acetovanillone	up	YJL071W
205	Acetovanillone	up	YPR173C
2112	Acetovanillone	up	YGR032W
228	Acetovanillone	up	YJL120W
236	Acetovanillone	up	YJR118C
246	Acetovanillone	up	YGL017W
257	Acetovanillone	up	YPL026C
267	Acetovanillone	up	YDL002C
277	Acetovanillone	up	YDL096C
286	Acetovanillone	up	YKL212W
295	Acetovanillone	up	YDR477W
305	Acetovanillone	up	YGL115W
3111	Acetovanillone	up	YGR184C
326	Acetovanillone	down	YJR140C
335	Acetovanillone	down	YIL160C
345	Acetovanillone	down	YOL116W
355	Acetovanillone	down	YDL070W
365	Acetovanillone	down	YHL031C
375	Acetovanillone	down	YEL037C
385	Acetovanillone	down	YNL293W
396	Acetovanillone	down	YBR231C
406	Acetovanillone	down	YAL011W
4111	Acetovanillone	down	YLR085C
425	Acetovanillone	down	YDR485C
435	Acetovanillone	down	YDR334W
445	Acetovanillone	down	YLR055C
455	Acetovanillone	down	YLL025W
146	AzelaicAcid	up	YHR018C
229	AzelaicAcid	up	YML001W
327	AzelaicAcid	up	YJL101C
426	AzelaicAcid	up	YDL052C
524	AzelaicAcid	up	YGR022C
620	AzelaicAcid	up	YDR004W
574	AzelaicAcid	down	YLL028W
584	AzelaicAcid	down	YEL053C
594	AzelaicAcid	down	YDR426C
604	AzelaicAcid	down	YGR170W
6110	AzelaicAcid	down	YLR056W
624	AzelaicAcid	down	YJL004C
633	AzelaicAcid	down	YJL175W
643	AzelaicAcid	down	YGL054C
654	AzelaicAcid	down	YHL025W
664	AzelaicAcid	down	YBL078C
674	AzelaicAcid	down	YIR033W
684	AzelaicAcid	down	YAL023C
694	AzelaicAcid	down	YMR029C
704	AzelaicAcid	down	YHL031C
7110	AzelaicAcid	down	YBR164C
724	AzelaicAcid	down	YLR047C
734	AzelaicAcid	down	YOR068C
744	AzelaicAcid	down	YIL076W
754	AzelaicAcid	down	YML048W
764	AzelaicAcid	down	YFL031W
773	AzelaicAcid	down	YML013W
783	AzelaicAcid	down	YOR089C
793	AzelaicAcid	down	YMR052W
803	AzelaicAcid	down	YDR372C
819	AzelaicAcid	down	YLR238W
823	AzelaicAcid	down	YML097C
833	AzelaicAcid	down	YOR267C
843	AzelaicAcid	down	YMR202W
853	AzelaicAcid	down	YHR079C
863	AzelaicAcid	down	YMR004W
873	AzelaicAcid	down	YER151C
882	AzelaicAcid	down	YPL051W
892	AzelaicAcid	down	YDL112W
902	AzelaicAcid	down	YML013C-A
918	AzelaicAcid	down	YKR019C
922	AzelaicAcid	down	YDR425W
932	AzelaicAcid	down	YDR213W
942	AzelaicAcid	down	YDR074W
952	AzelaicAcid	down	YOR132W
962	AzelaicAcid	down	YOR242C
971	AzelaicAcid	down	YDL078C
981	AzelaicAcid	down	YJL024C
991	AzelaicAcid	down	YOR270C
1001	AzelaicAcid	down	YPL074W
1016	AzelaicAcid	down	YPL195W
1021	AzelaicAcid	down	YDR477W
1031	AzelaicAcid	down	YLR055C
1041	AzelaicAcid	down	YML071C
1051	AzelaicAcid	down	YOR246C
1061	AzelaicAcid	down	YLR039C
1071	AzelaicAcid	down	YFL025C
1081	AzelaicAcid	down	YPL058C
1091	AzelaicAcid	down	YDR186C
1101	AzelaicAcid	down	YML022W
1116	AzelaicAcid	down	YOR165W
1121	AzelaicAcid	down	YMR205C
525	BMIMCl	down	YDR090C
534	BMIMCl	down	YNL273W
544	BMIMCl	down	YNL081C
554	BMIMCl	down	YLR237W
564	BMIMCl	down	YJL046W
575	BMIMCl	down	YCR071C
585	BMIMCl	down	YCR028C-A
595	BMIMCl	down	YBL005W
605	BMIMCl	down	YPR191W
6111	BMIMCl	down	YLR239C
625	BMIMCl	down	YGR101W
634	BMIMCl	down	YBR266C
644	BMIMCl	down	YGL154C
655	BMIMCl	down	YOL095C
665	BMIMCl	down	YDR393W
675	BMIMCl	down	YML001W
685	BMIMCl	down	YNR041C
695	BMIMCl	down	YPR173C
705	BMIMCl	down	YDR007W
7111	BMIMCl	down	YDR019C
725	BMIMCl	down	YDL002C
735	BMIMCl	down	YIL094C
745	BMIMCl	down	YPL178W
755	BMIMCl	down	YGR032W
765	BMIMCl	down	YNL003C
774	BMIMCl	down	YJL071W
784	BMIMCl	down	YGL010W
794	BMIMCl	down	YBR248C
804	BMIMCl	down	YDR004W
8110	BMIMCl	down	YGL004C
824	BMIMCl	down	YPL172C
834	BMIMCl	down	YDR310C
844	BMIMCl	down	YOR221C
854	BMIMCl	down	YOL068C
864	BMIMCl	down	YGR022C
874	BMIMCl	down	YDL006W
883	BMIMCl	down	YOR279C
893	BMIMCl	down	YDL013W
903	BMIMCl	down	YGR188C
919	BMIMCl	down	YLR426W
923	BMIMCl	down	YMR021C
933	BMIMCl	down	YDR276C
943	BMIMCl	down	YGL009C
953	BMIMCl	down	YGL017W
963	BMIMCl	down	YOR125C
972	BMIMCl	down	YDL001W
982	BMIMCl	down	YOL009C
992	BMIMCl	down	YIL020C
1002	BMIMCl	down	YGL005C
1017	BMIMCl	down	YCR079W
1022	BMIMCl	down	YML016C
147	Benomyl	up	YPR141C
366	Benomyl	down	YOR349W
376	Benomyl	down	YML124C
386	Benomyl	down	YEL003W
397	Benomyl	down	YER007W
407	Benomyl	down	YGR078C
4112	Benomyl	down	YOR010C
427	Benomyl	down	YNL153C
436	Benomyl	down	YPL165C
446	Benomyl	down	YOR026W
456	Benomyl	down	YKL211C
465	Benomyl	down	YKL050C
475	Benomyl	down	YGR069W
484	Benomyl	down	YLR187W
494	Benomyl	down	YOR121C
504	Benomyl	down	YNL334C
5110	Benomyl	down	YAR003W
526	Benomyl	down	YMR030W
535	Benomyl	down	YDR346C
545	Benomyl	down	YMR044W
555	Benomyl	down	YGL148W
565	Benomyl	down	YCR073W-A
576	Benomyl	down	YHL036W
586	Benomyl	down	YOR209C
596	Benomyl	down	YLR257W
606	Benomyl	down	YEL010W
6112	Benomyl	down	YMR078C
626	Benomyl	down	YLR064W
635	Benomyl	down	YOR019W
645	Benomyl	down	YBR114W
656	Benomyl	down	YDR216W
666	Benomyl	down	YDR139C
676	Benomyl	down	YDR266C
686	Benomyl	down	YHR096C
696	Benomyl	down	YML027W
706	Benomyl	down	YDR245W
148	BenzoicAcid	up	YDR156W
230	BenzoicAcid	up	YMR289W
328	BenzoicAcid	up	YJR014W
428	BenzoicAcid	up	YNL147W
527	BenzoicAcid	up	YMR100W
627	BenzoicAcid	up	YDR202C
720	BenzoicAcid	up	YKL096W-A
820	BenzoicAcid	up	YHR140W
920	BenzoicAcid	up	YKL139W
1117	BenzoicAcid	down	YDL119C
1216	BenzoicAcid	down	YML048W
1312	BenzoicAcid	down	YPL058C
149	BenzoicAcid	down	YEL063C
157	BenzoicAcid	down	YJR073C
166	BenzoicAcid	down	YJR066W
176	BenzoicAcid	down	YKL046C
186	BenzoicAcid	down	YDR435C
196	BenzoicAcid	down	YDL020C
206	BenzoicAcid	down	YLR372W
150	CV	up	YDR005C
237	CV	up	YNL192W
329	CV	up	YOL108C
429	CV	up	YOL029C
528	CV	up	YDL002C
628	CV	up	YOL009C
726	CV	up	YBR113W
825	CV	up	YML071C
924	CV	up	YDR455C
1018	CV	up	YBL007C
1118	CV	up	YOR125C
1217	CV	up	YJR059W
1313	CV	up	YBR082C
1410	CV	up	YGL004C
158	CV	up	YPL120W
167	CV	up	YML001W
177	CV	up	YDR019C
187	CV	up	YDL001W
197	CV	up	YJL204C
207	CV	up	YGL010W
2113	CV	up	YBL005W
2210	CV	up	YBR200W
238	CV	up	YGL017W
247	CV	up	YBR248C
258	CV	up	YDR276C
268	CV	up	YDL006W
278	CV	up	YGR032W
287	CV	up	YNL003C
296	CV	up	YOR221C
306	CV	up	YDR004W
3112	CV	up	YJL046W
3210	CV	up	YDL012C
336	CV	up	YGR101W
346	CV	up	YCR028C-A
356	CV	up	YGL136C
367	CV	up	YNL081C
377	CV	up	YDR126W
387	CV	up	YDR011W
398	CV	up	YGL009C
408	CV	up	YPL178W
4113	CV	up	YGR022C
4210	CV	up	YDR393W
437	CV	up	YDR007W
447	CV	up	YDL077C
457	CV	up	YDR006C
466	CV	up	YBR009C
476	CV	up	YIL094C
485	CV	up	YER108C
495	CV	up	YGL005C
505	CV	up	YDR026C
5111	CV	up	YLR239C
529	CV	up	YGL167C
536	CV	up	YLR056W
546	CV	up	YOL095C
556	CV	up	YIL020C
566	CV	up	YBR266C
577	CV	up	YHR018C
587	CV	up	YGR023W
597	CV	up	YOR309C
607	CV	up	YGL154C
6113	CV	up	YKL124W
629	CV	up	YDL013W
636	CV	up	YBL003C
646	CV	up	YBL009W
657	CV	up	YPR123C
667	CV	up	YJL071W
677	CV	up	YNR041C
687	CV	up	YDR024W
697	CV	up	YNL299W
707	CV	up	YBR005W
7112	CV	up	YPR173C
727	CV	up	YPL095C
736	CV	up	YLR420W
746	CV	up	YPR191W
756	CV	up	YNL273W
766	CV	up	YGR089W
775	CV	up	YMR143W
785	CV	up	YBR115C
795	CV	up	YMR256C
805	CV	up	YGL105W
8111	CV	up	YML121W
826	CV	up	YBL017C
835	CV	up	YJL130C
845	CV	up	YDR049W
855	CV	up	YOR363C
865	CV	up	YBR001C
875	CV	up	YEL065W
884	CV	up	YGL007W
894	CV	up	YBL089W
904	CV	up	YBL027W
9110	CV	down	YHL021C
925	CV	down	YJR115W
934	CV	down	YNL323W
944	CV	down	YFL049W
954	CV	down	YFL031W
964	CV	down	YML072C
430	CaffeicAcid	down	YAL023C
530	CaffeicAcid	down	YKL212W
630	CaffeicAcid	down	YMR307W
159	CinnamicAcid	up	YLR448W
239	CinnamicAcid	up	YNL147W
330	CinnamicAcid	up	YML016C
438	CinnamicAcid	up	YJR050W
537	CinnamicAcid	up	YJL204C
637	CinnamicAcid	up	YLR113W
728	CinnamicAcid	up	YKL050C
307	CinnamicAcid	down	YML076C
3113	CinnamicAcid	down	YPL058C
3211	CinnamicAcid	down	YML048W
337	CinnamicAcid	down	YLR426W
347	CinnamicAcid	down	YGL054C
357	CinnamicAcid	down	YGR157W
368	CinnamicAcid	down	YOR059C
378	CinnamicAcid	down	YML121W
388	CinnamicAcid	down	YKR019C
399	CinnamicAcid	down	YHL025W
409	CinnamicAcid	down	YJL175W
4114	CinnamicAcid	down	YDR435C
4211	CinnamicAcid	down	YDR162C
439	CinnamicAcid	down	YJR066W
448	CinnamicAcid	down	YJL004C
458	CinnamicAcid	down	YFL001W
467	CinnamicAcid	down	YJR073C
477	CinnamicAcid	down	YOR070C
486	CinnamicAcid	down	YDL119C
496	CinnamicAcid	down	YKL046C
506	CinnamicAcid	down	YGL043W
5112	CinnamicAcid	down	YGR170W
5210	CinnamicAcid	down	YCL063W
538	CinnamicAcid	down	YLR372W
547	CinnamicAcid	down	YER151C
557	CinnamicAcid	down	YMR202W
567	CinnamicAcid	down	YLR039C
578	CinnamicAcid	down	YKR035C
588	CinnamicAcid	down	YMR183C
160	CoumaricAcid	up	YDR121W
240	CoumaricAcid	up	YML001W
338	CoumaricAcid	up	YHR018C
440	CoumaricAcid	up	YBR266C
539	CoumaricAcid	up	YPL178W
638	CoumaricAcid	up	YOL095C
729	CoumaricAcid	up	YDR007W
827	CoumaricAcid	up	YIL094C
926	CoumaricAcid	up	YDR004W
1019	CoumaricAcid	up	YLR131C
1119	CoumaricAcid	up	YGR022C
468	CoumaricAcid	down	YHL031C
478	CoumaricAcid	down	YEL053C
487	CoumaricAcid	down	YJL004C
497	CoumaricAcid	down	YNL125C
507	CoumaricAcid	down	YJL154C
5113	CoumaricAcid	down	YLR371W
5211	CoumaricAcid	down	YML003W
5310	CoumaricAcid	down	YBR164C
548	CoumaricAcid	down	YDL119C
558	CoumaricAcid	down	YIL160C
568	CoumaricAcid	down	YKR019C
579	CoumaricAcid	down	YGL054C
589	CoumaricAcid	down	YNL323W
598	CoumaricAcid	down	YOL090W
608	CoumaricAcid	down	YGL007W
6114	CoumaricAcid	down	YMR202W
6210	CoumaricAcid	down	YAL026C
639	CoumaricAcid	down	YJR073C
647	CoumaricAcid	down	YOR068C
658	CoumaricAcid	down	YLR380W
668	CoumaricAcid	down	YJR059W
678	CoumaricAcid	down	YPL120W
688	CoumaricAcid	down	YLR350W
698	CoumaricAcid	down	YNL296W
708	CoumaricAcid	down	YNL056W
7113	CoumaricAcid	down	YPL051W
7210	CoumaricAcid	down	YMR216C
737	CoumaricAcid	down	YGR170W
747	CoumaricAcid	down	YFL025C
757	CoumaricAcid	down	YKL212W
767	CoumaricAcid	down	YLR039C
776	CoumaricAcid	down	YLR349W
786	CoumaricAcid	down	YKL046C
796	CoumaricAcid	down	YDR421W
806	CoumaricAcid	down	YOR165W
8112	CoumaricAcid	down	YOR070C
828	CoumaricAcid	down	YLR360W
836	CoumaricAcid	down	YGL084C
846	CoumaricAcid	down	YDL035C
856	CoumaricAcid	down	YML071C
866	CoumaricAcid	down	YCR053W
876	CoumaricAcid	down	YNL020C
885	CoumaricAcid	down	YFR041C
895	CoumaricAcid	down	YER083C
905	CoumaricAcid	down	YNL140C
168	CoumaroylAmide	up	YJL071W
248	CoumaroylAmide	up	YBR115C
339	CoumaroylAmide	up	YDR006C
449	CoumaroylAmide	up	YMR143W
540	CoumaroylAmide	up	YBR266C
640	CoumaroylAmide	up	YGL105W
730	CoumaroylAmide	up	YML001W
829	CoumaroylAmide	up	YGL005C
927	CoumaroylAmide	up	YDR393W
1020	CoumaroylAmide	up	YHR018C
1120	CoumaroylAmide	up	YOL095C
1218	CoumaroylAmide	up	YDR019C
1314	CoumaroylAmide	up	YEL063C
1411	CoumaroylAmide	up	YDR276C
1510	CoumaroylAmide	up	YPR191W
169	CoumaroylAmide	up	YIL020C
178	CoumaroylAmide	up	YFL047W
188	CoumaroylAmide	up	YDL013W
198	CoumaroylAmide	up	YGR022C
208	CoumaroylAmide	up	YBL005W
2114	CoumaroylAmide	up	YLR182W
2211	CoumaroylAmide	up	YDL006W
2310	CoumaroylAmide	up	YGR101W
249	CoumaroylAmide	up	YNL081C
259	CoumaroylAmide	up	YDR007W
269	CoumaroylAmide	up	YGR032W
279	CoumaroylAmide	up	YLR176C
288	CoumaroylAmide	up	YDL002C
297	CoumaroylAmide	up	YGR089W
308	CoumaroylAmide	up	YPR173C
3114	CoumaroylAmide	up	YKL124W
3212	CoumaroylAmide	up	YBR294W
3310	CoumaroylAmide	up	YCR071C
348	CoumaroylAmide	up	YGL010W
358	CoumaroylAmide	up	YIL094C
369	CoumaroylAmide	up	YDL001W
379	CoumaroylAmide	up	YML129C
389	CoumaroylAmide	up	YBR005W
3910	CoumaroylAmide	up	YNL273W
4010	CoumaroylAmide	up	YDR026C
4115	CoumaroylAmide	up	YLR239C
4212	CoumaroylAmide	up	YDR004W
4310	CoumaroylAmide	up	YDR018C
4410	CoumaroylAmide	up	YDR009W
459	CoumaroylAmide	up	YGL004C
469	CoumaroylAmide	up	YCR028C-A
479	CoumaroylAmide	up	YDR126W
488	CoumaroylAmide	up	YDL012C
498	CoumaroylAmide	up	YNR041C
508	CoumaroylAmide	up	YDL018C
5114	CoumaroylAmide	up	YGL009C
5212	CoumaroylAmide	up	YGL154C
5311	CoumaroylAmide	up	YPL178W
549	CoumaroylAmide	up	YDR014W
559	CoumaroylAmide	up	YBR248C
569	CoumaroylAmide	up	YPL095C
5710	CoumaroylAmide	up	YGR017W
5810	CoumaroylAmide	up	YDR024W
599	CoumaroylAmide	up	YGL136C
609	CoumaroylAmide	up	YDL011C
6115	CoumaroylAmide	up	YDL077C
6211	CoumaroylAmide	up	YDR001C
6310	CoumaroylAmide	up	YBR289W
648	CoumaroylAmide	up	YBR113W
659	CoumaroylAmide	down	YHL031C
669	CoumaroylAmide	down	YAL026C
679	CoumaroylAmide	down	YIL160C
689	CoumaroylAmide	down	YJL004C
699	CoumaroylAmide	down	YBR164C
709	CoumaroylAmide	down	YDL119C
7114	CoumaroylAmide	down	YEL053C
7211	CoumaroylAmide	down	YML003W
738	CoumaroylAmide	down	YNL296W
748	CoumaroylAmide	down	YKR019C
758	CoumaroylAmide	down	YMR202W
768	CoumaroylAmide	down	YDL226C
777	CoumaroylAmide	down	YLR425W
787	CoumaroylAmide	down	YER062C
797	CoumaroylAmide	down	YBR270C
807	CoumaroylAmide	down	YPL051W
8113	CoumaroylAmide	down	YOR008C-A
8210	CoumaroylAmide	down	YDR294C
837	CoumaroylAmide	down	YML048W
847	CoumaroylAmide	down	YOR070C
857	CoumaroylAmide	down	YML071C
867	CoumaroylAmide	down	YFR024C-A
877	CoumaroylAmide	down	YJR073C
886	CoumaroylAmide	down	YKL212W
896	CoumaroylAmide	down	YHL025W
906	CoumaroylAmide	down	YFL001W
9111	CoumaroylAmide	down	YPL161C
928	CoumaroylAmide	down	YBR082C
935	CoumaroylAmide	down	YCL011C
945	CoumaroylAmide	down	YMR307W
955	CoumaroylAmide	down	YAL011W
965	CoumaroylAmide	down	YDR485C
170	DMSO	up	YNL120C
250	DMSO	up	YGR208W
340	DMSO	up	YMR143W
450	DMSO	up	YDR007W
550	DMSO	up	YIL148W
649	DMSO	up	YBR266C
739	DMSO	up	YDR019C
830	DMSO	up	YKL057C
929	DMSO	up	YLR425W
1023	DMSO	up	YJL071W
1122	DMSO	up	YIL094C
1219	DMSO	up	YPL066W
1315	DMSO	up	YDL013W
1412	DMSO	up	YMR022W
1511	DMSO	up	YCL029C
1610	DMSO	up	YNL167C
179	DMSO	up	YBR115C
189	DMSO	up	YKL048C
199	DMSO	up	YCR071C
209	DMSO	up	YGL105W
2115	DMSO	up	YEL063C
2212	DMSO	up	YGR022C
2311	DMSO	up	YGL005C
2410	DMSO	up	YJR118C
2510	DMSO	up	YHR134W
2610	DMSO	up	YNL003C
2710	DMSO	up	YGL017W
289	DMSO	up	YDR006C
298	DMSO	up	YML001W
309	DMSO	up	YBL072C
3115	DMSO	up	YDL006W
3213	DMSO	up	YPL172C
3311	DMSO	up	YDL002C
349	DMSO	up	YPL101W
359	DMSO	up	YDL119C
3610	DMSO	up	YGL154C
3710	DMSO	up	YGR101W
3810	DMSO	up	YDR004W
3911	DMSO	up	YHR018C
4011	DMSO	up	YDR276C
4116	DMSO	up	YGR032W
4213	DMSO	up	YOR125C
4311	DMSO	up	YGL009C
4411	DMSO	down	YJR140C
4510	DMSO	down	YLR113W
4610	DMSO	down	YDR334W
4710	DMSO	down	YKL050C
489	DMSO	down	YDR485C
499	DMSO	down	YOR038C
509	DMSO	down	YER156C
5115	DMSO	down	YCR086W
5213	DMSO	down	YBR231C
5312	DMSO	down	YAL011W
5410	DMSO	down	YNL147W
5510	DMSO	down	YDR451C
5610	DMSO	down	YDR108W
5711	DMSO	down	YLR085C
180	EMIMCl	up	YNL297C
260	EMIMCl	up	YER178W
350	EMIMCl	up	YHL031C
460	EMIMCl	up	YLR182W
560	EMIMCl	up	YDR049W
650	EMIMCl	up	YBR289W
5811	EMIMCl	down	YDR090C
5910	EMIMCl	down	YHL003C
6010	EMIMCl	down	YJR137C
6116	EMIMCl	down	YLR239C
6212	EMIMCl	down	YNR041C
6311	EMIMCl	down	YPR191W
6410	EMIMCl	down	YGR101W
6510	EMIMCl	down	YNL273W
6610	EMIMCl	down	YLR237W
6710	EMIMCl	down	YML001W
6810	EMIMCl	down	YCR028C-A
6910	EMIMCl	down	YNL081C
7010	EMIMCl	down	YOR279C
7115	EMIMCl	down	YGR206W
7212	EMIMCl	down	YJL071W
7310	EMIMCl	down	YOR221C
749	EMIMCl	down	YGL154C
759	EMIMCl	down	YDR393W
769	EMIMCl	down	YDR019C
778	EMIMCl	down	YJL046W
788	EMIMCl	down	YBL005W
798	EMIMCl	down	YGR022C
808	EMIMCl	down	YPL178W
8114	EMIMCl	down	YBR266C
8211	EMIMCl	down	YDR007W
838	EMIMCl	down	YGL010W
848	EMIMCl	down	YOL095C
858	EMIMCl	down	YLR426W
868	EMIMCl	down	YNL003C
878	EMIMCl	down	YJL065C
887	EMIMCl	down	YMR021C
897	EMIMCl	down	YPR173C
907	EMIMCl	down	YCR071C
9112	EMIMCl	down	YOR334W
9210	EMIMCl	down	YDL119C
936	EMIMCl	down	YGR188C
946	EMIMCl	down	YGL004C
956	EMIMCl	down	YDR004W
966	EMIMCl	down	YIL094C
973	EMIMCl	down	YCR008W
983	EMIMCl	down	YGL009C
993	EMIMCl	down	YPL172C
1003	EMIMCl	down	YGL017W
10110	EMIMCl	down	YDL006W
1024	EMIMCl	down	YBR248C
1032	EMIMCl	down	YDL002C
1042	EMIMCl	down	YIL020C
1052	EMIMCl	down	YDR310C
1062	EMIMCl	down	YOL068C
1072	EMIMCl	down	YDR276C
1082	EMIMCl	down	YGR032W
1092	EMIMCl	down	YDL001W
1102	EMIMCl	down	YML067C
11110	EMIMCl	down	YPL230W
1123	EMIMCl	down	YOL081W
1131	EMIMCl	down	YOR125C
1141	EMIMCl	down	YCR079W
190	EtOH	up	YMR276W
270	EtOH	up	YCR053W
360	EtOH	up	YDR378C
470	EtOH	up	YIL133C
570	EtOH	up	YLR061W
660	EtOH	up	YFL051C
740	EtOH	up	YOR367W
839	EtOH	up	YJL177W
930	EtOH	up	YPL181W
1025	EtOH	up	YFR009W
1810	EtOH	down	YNL098C
1910	EtOH	down	YHL031C
2010	EtOH	down	YGL252C
2116	EtOH	down	YER090W
2213	EtOH	down	YML048W
2312	EtOH	down	YDL119C
2411	EtOH	down	YGL153W
2511	EtOH	down	YPR141C
2611	EtOH	down	YLR262C
2711	EtOH	down	YDR435C
2810	EtOH	down	YIL076W
299	EtOH	down	YDR207C
3010	EtOH	down	YDR213W
3116	EtOH	down	YHL005C
3214	EtOH	down	YLR039C
3312	EtOH	down	YJL169W
3410	EtOH	down	YGR044C
1100	FerulicAcid	up	YBR289W
280	FerulicAcid	up	YBR248C
370	FerulicAcid	up	YNR041C
480	FerulicAcid	up	YDR393W
580	FerulicAcid	up	YBR266C
670	FerulicAcid	up	YIL020C
750	FerulicAcid	up	YDL002C
840	FerulicAcid	up	YPR191W
937	FerulicAcid	up	YDL001W
1026	FerulicAcid	up	YJL071W
1124	FerulicAcid	up	YOL095C
1220	FerulicAcid	up	YHR018C
1316	FerulicAcid	up	YDR276C
1413	FerulicAcid	up	YML001W
1512	FerulicAcid	up	YDR019C
1611	FerulicAcid	up	YGL004C
1710	FerulicAcid	up	YBR115C
1811	FerulicAcid	up	YPL178W
1911	FerulicAcid	up	YGL010W
2011	FerulicAcid	up	YIL094C
2117	FerulicAcid	up	YBL005W
2214	FerulicAcid	up	YNL081C
2313	FerulicAcid	up	YPR173C
2412	FerulicAcid	up	YGR032W
2512	FerulicAcid	up	YDL006W
2612	FerulicAcid	up	YLR239C
2712	FerulicAcid	up	YGL009C
2811	FerulicAcid	up	YGR101W
2910	FerulicAcid	up	YDR006C
3011	FerulicAcid	up	YCR028C-A
3117	FerulicAcid	up	YNL273W
3215	FerulicAcid	up	YGL154C
3313	FerulicAcid	up	YDR007W
3411	FerulicAcid	up	YDR004W
3510	FerulicAcid	up	YCR071C
3611	FerulicAcid	up	YGR022C
3711	FerulicAcid	up	YBR113W
4312	FerulicAcid	down	YEL053C
4412	FerulicAcid	down	YJL154C
4511	FerulicAcid	down	YNL125C
4611	FerulicAcid	down	YMR274C
4711	FerulicAcid	down	YLR371W
4810	FerulicAcid	down	YML003W
4910	FerulicAcid	down	YNL323W
5010	FerulicAcid	down	YHL031C
5116	FerulicAcid	down	YDR326C
5214	FerulicAcid	down	YOL090W
5313	FerulicAcid	down	YOR068C
5411	FerulicAcid	down	YIL160C
5511	FerulicAcid	down	YJL065C
5611	FerulicAcid	down	YBR164C
5712	FerulicAcid	down	YDL226C
5812	FerulicAcid	down	YMR202W
5911	FerulicAcid	down	YBR270C
6011	FerulicAcid	down	YGL054C
6117	FerulicAcid	down	YJL004C
6213	FerulicAcid	down	YNL056W
6312	FerulicAcid	down	YLR349W
6411	FerulicAcid	down	YLR350W
6511	FerulicAcid	down	YOR279C
6611	FerulicAcid	down	YKR019C
6711	FerulicAcid	down	YLR309C
6811	FerulicAcid	down	YOR132W
6911	FerulicAcid	down	YJR073C
7011	FerulicAcid	down	YAL026C
7116	FerulicAcid	down	YDR455C
7213	FerulicAcid	down	YOR070C
7311	FerulicAcid	down	YDR421W
7410	FerulicAcid	down	YMR021C
7510	FerulicAcid	down	YDR310C
7610	FerulicAcid	down	YER155C
779	FerulicAcid	down	YOR059C
789	FerulicAcid	down	YOR008C-A
799	FerulicAcid	down	YPL120W
809	FerulicAcid	down	YFL025C
8115	FerulicAcid	down	YGR170W
8212	FerulicAcid	down	YCR044C
8310	FerulicAcid	down	YGL084C
849	FerulicAcid	down	YKL046C
1103	FeruloylAmide	up	YBR115C
290	FeruloylAmide	up	YDR006C
380	FeruloylAmide	up	YGL005C
490	FeruloylAmide	up	YHR018C
590	FeruloylAmide	up	YBR005W
680	FeruloylAmide	up	YDL013W
760	FeruloylAmide	up	YJL071W
850	FeruloylAmide	up	YDR276C
938	FeruloylAmide	up	YOL095C
1027	FeruloylAmide	up	YBR266C
1125	FeruloylAmide	up	YPR191W
1221	FeruloylAmide	up	YDL002C
1317	FeruloylAmide	up	YPR173C
1414	FeruloylAmide	up	YNR041C
1513	FeruloylAmide	up	YML001W
1612	FeruloylAmide	up	YNL081C
1711	FeruloylAmide	up	YDR393W
1812	FeruloylAmide	up	YDL006W
1912	FeruloylAmide	up	YDR019C
2012	FeruloylAmide	up	YGL009C
2118	FeruloylAmide	up	YGL105W
2215	FeruloylAmide	up	YGR032W
2314	FeruloylAmide	up	YMR143W
2413	FeruloylAmide	up	YDL001W
2513	FeruloylAmide	up	YIL094C
2613	FeruloylAmide	up	YKL124W
2713	FeruloylAmide	up	YDR007W
2812	FeruloylAmide	up	YGL017W
2911	FeruloylAmide	up	YGR101W
3012	FeruloylAmide	up	YGR022C
3118	FeruloylAmide	up	YGL010W
3216	FeruloylAmide	up	YIL020C
3314	FeruloylAmide	up	YCR028C-A
3412	FeruloylAmide	up	YPL178W
3511	FeruloylAmide	up	YNL273W
3612	FeruloylAmide	up	YBL005W
3712	FeruloylAmide	up	YDL012C
3811	FeruloylAmide	up	YLR239C
3912	FeruloylAmide	up	YEL063C
4012	FeruloylAmide	up	YDR004W
4117	FeruloylAmide	up	YNL003C
4214	FeruloylAmide	up	YGL154C
4313	FeruloylAmide	up	YER177W
4413	FeruloylAmide	up	YJL046W
4512	FeruloylAmide	up	YGL004C
4612	FeruloylAmide	up	YCR071C
4712	FeruloylAmide	up	YDR126W
4811	FeruloylAmide	up	YOR125C
4911	FeruloylAmide	up	YGL007W
5011	FeruloylAmide	up	YBR248C
5117	FeruloylAmide	up	YLR176C
5215	FeruloylAmide	up	YGR089W
5314	FeruloylAmide	up	YDR024W
5412	FeruloylAmide	up	YBR113W
5512	FeruloylAmide	up	YBL017C
5612	FeruloylAmide	up	YER151C
5713	FeruloylAmide	up	YDR174W
5813	FeruloylAmide	up	YDR001C
5912	FeruloylAmide	up	YPL095C
6012	FeruloylAmide	up	YDR146C
6118	FeruloylAmide	up	YDR005C
6214	FeruloylAmide	down	YGL054C
6313	FeruloylAmide	down	YHL031C
6412	FeruloylAmide	down	YMR274C
6512	FeruloylAmide	down	YIL160C
6612	FeruloylAmide	down	YAL026C
6712	FeruloylAmide	down	YPR119W
6812	FeruloylAmide	down	YDL119C
6912	FeruloylAmide	down	YML003W
7012	FeruloylAmide	down	YIL079C
7117	FeruloylAmide	down	YAL024C
7214	FeruloylAmide	down	YCR053W
7312	FeruloylAmide	down	YCL010C
7411	FeruloylAmide	down	YMR111C
7511	FeruloylAmide	down	YBR164C
7611	FeruloylAmide	down	YIL107C
7710	FeruloylAmide	down	YDR485C
7810	FeruloylAmide	down	YAL011W
7910	FeruloylAmide	down	YBR270C
8010	FeruloylAmide	down	YJR140C
8116	FeruloylAmide	down	YDR074W
8213	FeruloylAmide	down	YOL012C
8311	FeruloylAmide	down	YCL011C
8410	FeruloylAmide	down	YLR049C
859	FeruloylAmide	down	YBR231C
1104	Furfural	up	YNR010W
2100	Furfural	up	YGL195W
390	Furfural	up	YFR009W
4100	Furfural	up	YDR409W
5100	Furfural	up	YGL244W
690	Furfural	up	YKL185W
770	Furfural	up	YDL076C
860	Furfural	up	YMR219W
939	Furfural	up	YPL213W
1028	Furfural	up	YJL120W
1126	Furfural	up	YBR082C
1222	Furfural	up	YBR048W
1318	Furfural	up	YBR291C
1415	Furfural	up	YLR372W
1514	Furfural	up	YKR026C
1613	Furfural	up	YBL072C
1712	Furfural	up	YOR209C
1813	Furfural	up	YDR146C
1913	Furfural	up	YDR159W
2013	Furfural	up	YPL181W
2119	Furfural	up	YMR307W
2216	Furfural	up	YPL158C
2315	Furfural	up	YOR039W
2414	Furfural	up	YKL212W
2514	Furfural	up	YOR293W
2614	Furfural	up	YOR026W
2714	Furfural	up	YLR410W
4713	Furfural	down	YMR283C
4812	Furfural	down	YBR025C
4912	Furfural	down	YDR049W
5012	Furfural	down	YNL056W
5118	Furfural	down	YNL147W
5216	Furfural	down	YDR048C
5315	Furfural	down	YNL099C
5413	Furfural	down	YHL029C
5513	Furfural	down	YBL057C
5613	Furfural	down	YKL079W
5714	Furfural	down	YDR395W
5814	Furfural	down	YBR061C
5913	Furfural	down	YLR315W
6013	Furfural	down	YCR053W
6119	Furfural	down	YDR067C
6215	Furfural	down	YOL061W
6314	Furfural	down	YCR095C
6413	Furfural	down	YGL020C
6513	Furfural	down	YDL051W
6613	Furfural	down	YMR183C
6713	Furfural	down	YKL081W
6813	Furfural	down	YER083C
6913	Furfural	down	YDL020C
7013	Furfural	down	YDL119C
7118	Furfural	down	YOR243C
7215	Furfural	down	YGR058W
7313	Furfural	down	YDR378C
7412	Furfural	down	YNL153C
7512	Furfural	down	YDR360W
7612	Furfural	down	YFL001W
7711	Furfural	down	YBL051C
7811	Furfural	down	YER151C
7911	Furfural	down	YLR182W
8011	Furfural	down	YNL064C
8117	Furfural	down	YDL050C
8214	Furfural	down	YBR168W
8312	Furfural	down	YDL081C
8411	Furfural	down	YNL070W
8510	Furfural	down	YLR261C
869	Furfural	down	YKL050C
879	Furfural	down	YLR262C
888	Furfural	down	YLR032W
898	Furfural	down	YLR125W
908	Furfural	down	YLR113W
9113	Furfural	down	YGL015C
9211	Furfural	down	YNL136W
6216	GVL	down	YAL024C
6315	GVL	down	YCR076C
6414	GVL	down	YOL124C
6514	GVL	down	YIL066C
6614	GVL	down	YIL076W
6714	GVL	down	YFL031W
6814	GVL	down	YLL025W
6914	GVL	down	YIL160C
7014	GVL	down	YOL116W
7119	GVL	down	YGL244W
7216	GVL	down	YDR452W
7314	GVL	down	YIL079C
7413	GVL	down	YNL098C
7513	GVL	down	YDR435C
7613	GVL	down	YPR119W
7712	GVL	down	YCR088W
7812	GVL	down	YHL031C
7912	GVL	down	YDR033W
8012	GVL	down	YML124C
8118	GVL	down	YDR503C
8215	GVL	down	YER155C
8313	GVL	down	YMR255W
8412	GVL	down	YIL012W
8511	GVL	down	YDL119C
8610	GVL	down	YHL025W
8710	GVL	down	YML003W
889	GVL	down	YDR293C
899	GVL	down	YIR033W
909	GVL	down	YHR079C
9114	GVL	down	YDR252W
9212	GVL	down	YLR182W
9310	GVL	down	YER178W
947	GVL	down	YDR354W
957	GVL	down	YLR315W
967	GVL	down	YOR067C
974	GVL	down	YGR058W
984	GVL	down	YOL035C
994	GVL	down	YBR016W
1004	GVL	down	YOL083W
10111	GVL	down	YNL153C
1029	GVL	down	YGR170W
1033	GVL	down	YOL112W
1043	GVL	down	YML071C
1053	GVL	down	YER090W
1063	GVL	down	YPL161C
1073	GVL	down	YPL105C
1083	GVL	down	YJR033C
1093	GVL	down	YDR455C
1105	GVL	down	YOL129W
11111	GVL	down	YHR095W
1127	GVL	down	YLR125W
1132	GVL	down	YGL054C
1142	GVL	down	YBR036C
1151	GVL	down	YDR147W
1161	GVL	down	YBR078W
1171	GVL	down	YJR073C
1181	GVL	down	YDR162C
1191	GVL	down	YFL032W
1201	GVL	down	YEL061C
12110	GVL	down	YBR134W
1223	GVL	down	YDR222W
1106	Isobutanol	up	YBR291C
2101	Isobutanol	up	YJL120W
6915	Isobutanol	down	YER090W
7015	Isobutanol	down	YHL031C
7120	Isobutanol	down	YIL160C
7217	Isobutanol	down	YCR076C
7315	Isobutanol	down	YOL116W
7414	Isobutanol	down	YOL124C
7514	Isobutanol	down	YGL244W
7614	Isobutanol	down	YDR354W
7713	Isobutanol	down	YPR119W
7813	Isobutanol	down	YML111W
7913	Isobutanol	down	YMR312W
8013	Isobutanol	down	YGL023C
8119	Isobutanol	down	YKL110C
8216	Isobutanol	down	YCR088W
8314	Isobutanol	down	YKL211C
8413	Isobutanol	down	YDR162C
8512	Isobutanol	down	YFL001W
8611	Isobutanol	down	YML003W
8711	Isobutanol	down	YDR058C
8810	Isobutanol	down	YBL051C
8910	Isobutanol	down	YHR034C
9010	Isobutanol	down	YLL025W
9115	Isobutanol	down	YDR033W
9213	Isobutanol	down	YCL029C
9311	Isobutanol	down	YGR058W
948	Isobutanol	down	YBR205W
958	Isobutanol	down	YLR182W
968	Isobutanol	down	YDR455C
975	Isobutanol	down	YER155C
985	Isobutanol	down	YBR134W
995	Isobutanol	down	YMR183C
1005	Isobutanol	down	YNL098C
10112	Isobutanol	down	YNL140C
10210	Isobutanol	down	YGL043W
1034	Isobutanol	down	YOL035C
1044	Isobutanol	down	YAL010C
1054	Isobutanol	down	YMR036C
1064	Isobutanol	down	YOL129W
1074	Isobutanol	down	YGR078C
1084	Isobutanol	down	YGR200C
1094	Isobutanol	down	YDR503C
1107	Isobutanol	down	YMR226C
11112	Isobutanol	down	YKL008C
1128	Isobutanol	down	YCL063W
1133	Isobutanol	down	YCR060W
1143	Isobutanol	down	YGL219C
1152	Isobutanol	down	YOL112W
1162	Isobutanol	down	YLR292C
1172	Isobutanol	down	YGR170W
1182	Isobutanol	down	YJR066W
1192	Isobutanol	down	YGR092W
1202	Isobutanol	down	YLR386W
12111	Isobutanol	down	YDR207C
1224	Isobutanol	down	YGR157W
1231	Isobutanol	down	YLR373C
1241	Isobutanol	down	YLR125W
1251	Isobutanol	down	YER016W
1261	Isobutanol	down	YEL061C
1271	Isobutanol	down	YJR054W
1281	Isobutanol	down	YLR315W
1291	Isobutanol	down	YEL011W
1301	Isobutanol	down	YDR293C
1319	Isobutanol	down	YPL105C
1321	Isobutanol	down	YKR007W
1331	Isobutanol	down	YDL074C
1341	Isobutanol	down	YIL134W
1351	Isobutanol	down	YNL064C
1361	Isobutanol	down	YDR127W
1108	LevulinicAcid	up	YJL120W
1030	LevulinicAcid	down	YML076C
1129	LevulinicAcid	down	YCR086W
1225	LevulinicAcid	down	YHL025W
1320	LevulinicAcid	down	YPL058C
1416	LevulinicAcid	down	YCR077C
1515	LevulinicAcid	down	YCR034W
1614	LevulinicAcid	down	YDL096C
1713	LevulinicAcid	down	YGL195W
1814	LevulinicAcid	down	YGL148W
1109	MBO	up	YHR004C
8911	MBO	down	YER090W
9011	MBO	down	YAL059W
9116	MBO	down	YOL116W
9214	MBO	down	YIL160C
9312	MBO	down	YDR058C
949	MBO	down	YCR088W
959	MBO	down	YGL244W
969	MBO	down	YPR119W
976	MBO	down	YMR312W
986	MBO	down	YBL051C
996	MBO	down	YOR091W
1006	MBO	down	YDR452W
10113	MBO	down	YDR033W
10211	MBO	down	YML121W
1035	MBO	down	YOR067C
1045	MBO	down	YER155C
1055	MBO	down	YOL124C
1065	MBO	down	YAL024C
1075	MBO	down	YML003W
1085	MBO	down	YCR076C
1095	MBO	down	YLR021W
11010	MBO	down	YDR354W
11113	MBO	down	YKL110C
11210	MBO	down	YOR002W
1134	MBO	down	YDR503C
1144	MBO	down	YLL025W
1153	MBO	down	YLR292C
1163	MBO	down	YFL001W
1173	MBO	down	YDR101C
1183	MBO	down	YGL023C
1193	MBO	down	YGR058W
1203	MBO	down	YLR426W
12112	MBO	down	YHR034C
1226	MBO	down	YDR156W
1232	MBO	down	YNL242W
1242	MBO	down	YGR200C
1252	MBO	down	YAL026C
1262	MBO	down	YOL129W
1272	MBO	down	YKL211C
1282	MBO	down	YMR007W
1292	MBO	down	YHL031C
1302	MBO	down	YHR123W
13110	MBO	down	YCL029C
1322	MBO	down	YGL219C
1332	MBO	down	YOL035C
1342	MBO	down	YMR226C
1352	MBO	down	YGL007W
1362	MBO	down	YDR455C
1371	MBO	down	YDR162C
1381	MBO	down	YNL293W
1391	MBO	down	YMR183C
1401	MBO	down	YNR006W
1417	MBO	down	YIL097W
1421	MBO	down	YMR036C
1431	MBO	down	YLR125W
1441	MBO	down	YGR157W
1451	MBO	down	YGR224W
1461	MBO	down	YLR102C
1471	MBO	down	YOR014W
1481	MBO	down	YEL063C
1491	MBO	down	YIL012W
1501	MBO	down	YKL008C
1516	MBO	down	YNL098C
1521	MBO	down	YER167W
1531	MBO	down	YKL050C
1541	MBO	down	YCR053W
1551	MBO	down	YDR293C
1561	MBO	down	YPL105C
1571	MBO	down	YDR207C
1581	MBO	down	YGR078C
1591	MBO	down	YDR252W
1601	MBO	down	YMR143W
1615	MBO	down	YOL112W
1621	MBO	down	YCR060W
1631	MBO	down	YNL064C
1641	MBO	down	YKL146W
1651	MBO	down	YPL144W
1661	MBO	down	YNL153C
1671	MBO	down	YKL006W
1681	MBO	down	YLR360W
1691	MBO	down	YER016W
1701	MBO	down	YAL010C
1714	MBO	down	YER151C
1721	MBO	down	YLR182W
1731	MBO	down	YLR113W
1741	MBO	down	YBR016W
1751	MBO	down	YLR373C
1761	MBO	down	YPL157W
1130	Methylglyoxal	up	YMR021C
2102	Methylglyoxal	up	YIL128W
3100	Methylglyoxal	up	YJL120W
4215	Methylglyoxal	down	YDR272W
4314	Methylglyoxal	down	YML131W
4414	Methylglyoxal	down	YPR189W
4513	Methylglyoxal	down	YBR162W-A
4613	Methylglyoxal	down	YMR232W
4714	Methylglyoxal	down	YOL092W
4813	Methylglyoxal	down	YGL007W
4913	Methylglyoxal	down	YBR258C
5013	Methylglyoxal	down	YGR157W
5119	Methylglyoxal	down	YNL323W
5217	Methylglyoxal	down	YGL217C
5316	Methylglyoxal	down	YKR023W
5414	Methylglyoxal	down	YLR032W
5514	Methylglyoxal	down	YNL094W
5614	Methylglyoxal	down	YGL213C
5715	Methylglyoxal	down	YBR164C
5815	Methylglyoxal	down	YLR049C
5914	Methylglyoxal	down	YOR059C
6014	Methylglyoxal	down	YOR131C
6120	Methylglyoxal	down	YOR001W
6217	Methylglyoxal	down	YLR398C
6316	Methylglyoxal	down	YKL090W
6415	Methylglyoxal	down	YML035C-A
6515	Methylglyoxal	down	YJL101C
6615	Methylglyoxal	down	YGL214W
6715	Methylglyoxal	down	YLR234W
6815	Methylglyoxal	down	YLR380W
6916	Methylglyoxal	down	YMR190C
7016	Methylglyoxal	down	YGL087C
7121	Methylglyoxal	down	YOR307C
7218	Methylglyoxal	down	YGR170W
7316	Methylglyoxal	down	YPL168W
7415	Methylglyoxal	down	YGL166W
7515	Methylglyoxal	down	YER056C-A
7615	Methylglyoxal	down	YML013C-A
7714	Methylglyoxal	down	YDR007W
7814	Methylglyoxal	down	YGL165C
7914	Methylglyoxal	down	YIL152W
8014	Methylglyoxal	down	YJR054W
8120	Methylglyoxal	down	YGL115W
8217	Methylglyoxal	down	YGL163C
2615	Mycobutanil	down	YKL046C
2715	Mycobutanil	down	YKR087C
2813	Mycobutanil	down	YDR213W
2912	Mycobutanil	down	YGR136W
3013	Mycobutanil	down	YOR338W
3119	Mycobutanil	down	YLR187W
3217	Mycobutanil	down	YKL211C
3315	Mycobutanil	down	YLR413W
3413	Mycobutanil	down	YOR076C
3512	Mycobutanil	down	YHR157W
3613	Mycobutanil	down	YGR149W
3713	Mycobutanil	down	YLR189C
3812	Mycobutanil	down	YML099C
3913	Mycobutanil	down	YML035C
4013	Mycobutanil	down	YAR003W
4118	Mycobutanil	down	YGL198W
4216	Mycobutanil	down	YDR120C
4315	Mycobutanil	down	YPR172W
4415	Mycobutanil	down	YMR326C
4514	Mycobutanil	down	YDR214W
4614	Mycobutanil	down	YAR014C
4715	Mycobutanil	down	YDR139C
4814	Mycobutanil	down	YDR093W
4914	Mycobutanil	down	YDR309C
5014	Mycobutanil	down	YKL212W
1135	NAO	up	YGR184C
2103	NAO	up	YDR455C
3101	NAO	up	YDR503C
4101	NAO	up	YPL120W
5101	NAO	up	YER151C
6100	NAO	up	YDR252W
780	NAO	up	YOR132W
870	NAO	up	YOR068C
940	NAO	up	YER083C
1036	NAO	up	YDR293C
1136	NAO	up	YML071C
1227	NAO	up	YBR016W
1323	NAO	up	YOR221C
1418	NAO	up	YPL161C
1517	NAO	up	YPL051W
1616	NAO	up	YHL031C
1715	NAO	up	YOR001W
1815	NAO	up	YGR022C
1914	NAO	up	YJL154C
2014	NAO	up	YDL006W
2120	NAO	up	YBR082C
2217	NAO	up	YLR360W
2316	NAO	up	YDR108W
2415	NAO	up	YPL178W
2515	NAO	up	YDR004W
2616	NAO	up	YGR032W
2716	NAO	up	YER091C
2814	NAO	up	YDR006C
2913	NAO	up	YIL020C
3014	NAO	up	YBR266C
3120	NAO	up	YHR018C
3218	NAO	up	YOR069W
3316	NAO	up	YBR115C
3414	NAO	up	YNL003C
3513	NAO	up	YNL273W
3614	NAO	up	YDR083W
3714	NAO	up	YBR200W
3813	NAO	up	YJL004C
3914	NAO	up	YJL204C
4014	NAO	up	YMR269W
4119	NAO	up	YGL017W
4217	NAO	up	YBR005W
4316	NAO	up	YDL020C
4416	NAO	up	YPR123C
4515	NAO	up	YIL094C
4615	NAO	up	YMR143W
4716	NAO	up	YJL071W
4815	NAO	up	YBR289W
4915	NAO	up	YGL005C
5015	NAO	up	YDR126W
5120	NAO	up	YEL063C
5218	NAO	up	YGL105W
5317	NAO	up	YDR007W
5415	NAO	up	YGL154C
5515	NAO	up	YGL007W
5615	NAO	up	YOL029C
5716	NAO	up	YDL013W
5816	NAO	up	YDR024W
5915	NAO	up	YBL072C
6015	NAO	up	YLR239C
6121	NAO	up	YML121W
6218	NAO	up	YGR089W
6317	NAO	up	YDR276C
6416	NAO	up	YJR090C
6516	NAO	up	YPL239W
6616	NAO	up	YBL009W
6716	NAO	down	YPR197C
6816	NAO	down	YPR198W
6917	NAO	down	YNL190W
7017	NAO	down	YDL142C
7122	NAO	down	YNL257C
7219	NAO	down	YGR003W
1137	SinapicAcid	up	YDR026C
2104	SinapicAcid	up	YLR182W
3102	SinapicAcid	up	YPL095C
4102	SinapicAcid	up	YDL013W
5102	SinapicAcid	up	YDL018C
6101	SinapicAcid	up	YDR393W
790	SinapicAcid	up	YDR006C
880	SinapicAcid	up	YLR239C
950	SinapicAcid	up	YDR009W
1037	SinapicAcid	up	YDL002C
1138	SinapicAcid	up	YKL124W
1228	SinapicAcid	up	YBR266C
1324	SinapicAcid	up	YDL001W
1419	SinapicAcid	up	YGL010W
1518	SinapicAcid	up	YBR248C
1617	SinapicAcid	up	YGL017W
1716	SinapicAcid	up	YOL095C
1816	SinapicAcid	up	YIL020C
1915	SinapicAcid	up	YJL071W
2015	SinapicAcid	up	YGR032W
2121	SinapicAcid	up	YPL178W
2218	SinapicAcid	up	YML001W
2317	SinapicAcid	up	YGL009C
2416	SinapicAcid	up	YGL004C
2516	SinapicAcid	up	YHR018C
2617	SinapicAcid	up	YBR005W
2717	SinapicAcid	up	YDL006W
2815	SinapicAcid	up	YPR173C
2914	SinapicAcid	up	YCR028C-A
3015	SinapicAcid	up	YNR041C
3121	SinapicAcid	up	YBR115C
3219	SinapicAcid	up	YGL005C
3317	SinapicAcid	up	YBL005W
3415	SinapicAcid	up	YDL012C
3514	SinapicAcid	up	YGR022C
3615	SinapicAcid	up	YDR004W
3715	SinapicAcid	up	YDR024W
3814	SinapicAcid	up	YDL011C
3915	SinapicAcid	up	YIL094C
4015	SinapicAcid	up	YNL081C
4120	SinapicAcid	up	YGR101W
4218	SinapicAcid	up	YDR007W
4317	SinapicAcid	up	YDR276C
4417	SinapicAcid	up	YDR019C
4516	SinapicAcid	down	YNL323W
4616	SinapicAcid	down	YOL090W
4717	SinapicAcid	down	YNL125C
4816	SinapicAcid	down	YAL026C
4916	SinapicAcid	down	YLR371W
5016	SinapicAcid	down	YDR310C
5121	SinapicAcid	down	YNL296W
5219	SinapicAcid	down	YHL031C
5318	SinapicAcid	down	YJL004C
5416	SinapicAcid	down	YDL119C
5516	SinapicAcid	down	YMR021C
5616	SinapicAcid	down	YEL053C
5717	SinapicAcid	down	YOR068C
5817	SinapicAcid	down	YGR157W
5916	SinapicAcid	down	YOR059C
6016	SinapicAcid	down	YPL051W
6122	SinapicAcid	down	YKL046C
6219	SinapicAcid	down	YOR279C
6318	SinapicAcid	down	YCR095C
6417	SinapicAcid	down	YOR165W
6517	SinapicAcid	down	YLR426W
6617	SinapicAcid	down	YMR202W
6717	SinapicAcid	down	YOL068C
6817	SinapicAcid	down	YDR108W
6918	SinapicAcid	down	YLR261C
7018	SinapicAcid	down	YOR270C
1139	SodiumGlyoxylate	up	YDR378C
2105	SodiumGlyoxylate	up	YMR030W
3103	SodiumGlyoxylate	up	YGL019W
4103	SodiumGlyoxylate	up	YCL042W
5103	SodiumGlyoxylate	up	YGL016W
6102	SodiumGlyoxylate	up	YML117W
7100	SodiumGlyoxylate	up	YAR002W
890	SodiumGlyoxylate	up	YMR302C
960	SodiumGlyoxylate	up	YLR334C
1038	SodiumGlyoxylate	up	YNL281W
1140	SodiumGlyoxylate	up	YGL167C
1229	SodiumGlyoxylate	up	YOL024W
1325	SodiumGlyoxylate	down	YPL058C
1420	SodiumGlyoxylate	down	YLL002W
1519	SodiumGlyoxylate	down	YGR157W
1145	Syringaldehyde	up	YJL120W
2106	Syringaldehyde	up	YJL071W
3104	Syringaldehyde	up	YBR266C
4104	Syringaldehyde	up	YBR115C
5104	Syringaldehyde	up	YDR393W
6103	Syringaldehyde	up	YNL081C
7101	Syringaldehyde	up	YDR019C
8100	Syringaldehyde	up	YHR018C
970	Syringaldehyde	up	YIL020C
1039	Syringaldehyde	up	YGR022C
1146	Syringaldehyde	up	YDR006C
1230	Syringaldehyde	up	YPR191W
1326	Syringaldehyde	up	YPR173C
1422	Syringaldehyde	up	YOL095C
1520	Syringaldehyde	up	YNR041C
1618	Syringaldehyde	up	YDR276C
1717	Syringaldehyde	up	YBR248C
1817	Syringaldehyde	up	YDR007W
1916	Syringaldehyde	up	YML001W
2016	Syringaldehyde	up	YCR028C-A
2122	Syringaldehyde	up	YMR303C
2219	Syringaldehyde	up	YGR032W
2318	Syringaldehyde	up	YGL009C
2417	Syringaldehyde	up	YGL010W
2517	Syringaldehyde	up	YOR153W
2618	Syringaldehyde	up	YDR378C
2718	Syringaldehyde	up	YNL003C
2816	Syringaldehyde	up	YOR189W
2915	Syringaldehyde	up	YJL046W
3016	Syringaldehyde	up	YML016C
3122	Syringaldehyde	up	YNL070W
3220	Syringaldehyde	down	YGL165C
3318	Syringaldehyde	down	YGL166W
3416	Syringaldehyde	down	YIL152W
3515	Syringaldehyde	down	YDL142C
3616	Syringaldehyde	down	YGL124C
3716	Syringaldehyde	down	YHR094C
3815	Syringaldehyde	down	YEL053C
3916	Syringaldehyde	down	YML048W
4016	Syringaldehyde	down	YKL077W
4121	Syringaldehyde	down	YOL046C
4219	Syringaldehyde	down	YLL020C
4318	Syringaldehyde	down	YLL019C
4418	Syringaldehyde	down	YCL063W
4517	Syringaldehyde	down	YNL056W
4617	Syringaldehyde	down	YMR010W
4718	Syringaldehyde	down	YOL006C
4817	Syringaldehyde	down	YML052W
4917	Syringaldehyde	down	YKL071W
5017	Syringaldehyde	down	YGR157W
5122	Syringaldehyde	down	YOR140W
5220	Syringaldehyde	down	YDR098C
5319	Syringaldehyde	down	YMR122C
5417	Syringaldehyde	down	YOR154W
5517	Syringaldehyde	down	YLR425W
5617	Syringaldehyde	down	YMR180C
5718	Syringaldehyde	down	YGR049W
1147	SyringicAcid	up	YIL020C
2107	SyringicAcid	up	YBR266C
3105	SyringicAcid	up	YDR393W
4105	SyringicAcid	up	YBR248C
5105	SyringicAcid	up	YGL031C
6104	SyringicAcid	up	YHL040C
7102	SyringicAcid	up	YGR022C
2017	SyringicAcid	down	YGR197C
2123	SyringicAcid	down	YJL004C
2220	SyringicAcid	down	YAL023C
2319	SyringicAcid	down	YEL053C
2418	SyringicAcid	down	YML048W
2518	SyringicAcid	down	YGL007W
2619	SyringicAcid	down	YBR164C
2719	SyringicAcid	down	YGL165C
2817	SyringicAcid	down	YIL076W
2916	SyringicAcid	down	YHL025W
3017	SyringicAcid	down	YGR170W
3123	SyringicAcid	down	YOR068C
3221	SyringicAcid	down	YMR202W
3319	SyringicAcid	down	YOR069W
3417	SyringicAcid	down	YDR435C
3516	SyringicAcid	down	YIL128W
3617	SyringicAcid	down	YGL166W
3717	SyringicAcid	down	YOR270C
3816	SyringicAcid	down	YKL212W
1148	VanillicAcid	up	YML001W
2108	VanillicAcid	up	YBR115C
3106	VanillicAcid	up	YBR266C
4106	VanillicAcid	up	YJL071W
5106	VanillicAcid	up	YHR018C
6105	VanillicAcid	up	YIL020C
7103	VanillicAcid	up	YDR393W
8101	VanillicAcid	up	YGR101W
977	VanillicAcid	up	YIL094C
1040	VanillicAcid	up	YGR022C
1149	VanillicAcid	up	YGL010W
1233	VanillicAcid	up	YPL178W
1327	VanillicAcid	up	YDR004W
1423	VanillicAcid	up	YJL046W
1522	VanillicAcid	up	YBR248C
1619	VanillicAcid	up	YLR315W
3917	VanillicAcid	down	YEL053C
4017	VanillicAcid	down	YJL004C
4122	VanillicAcid	down	YGL124C
4220	VanillicAcid	down	YBR164C
4319	VanillicAcid	down	YAL026C
4419	VanillicAcid	down	YMR202W
4518	VanillicAcid	down	YLR056W
4618	VanillicAcid	down	YKR019C
4719	VanillicAcid	down	YIL076W
4818	VanillicAcid	down	YGR170W
4918	VanillicAcid	down	YHL025W
5018	VanillicAcid	down	YKL077W
5123	VanillicAcid	down	YJL154C
5221	VanillicAcid	down	YNL323W
5320	VanillicAcid	down	YDR525W-A
5418	VanillicAcid	down	YGL054C
5518	VanillicAcid	down	YML048W
5618	VanillicAcid	down	YDR098C
5719	VanillicAcid	down	YJL175W
5818	VanillicAcid	down	YPL058C
5917	VanillicAcid	down	YIL012W
6017	VanillicAcid	down	YCL063W
6123	VanillicAcid	down	YMR034C
6220	VanillicAcid	down	YOR070C
6319	VanillicAcid	down	YJL024C
6418	VanillicAcid	down	YPL051W
6518	VanillicAcid	down	YLL020C
6618	VanillicAcid	down	YJR073C
6718	VanillicAcid	down	YLR261C
6818	VanillicAcid	down	YNR006W
6919	VanillicAcid	down	YGR157W
7019	VanillicAcid	down	YLR292C
7123	VanillicAcid	down	YMR004W
7220	VanillicAcid	down	YKL046C
7317	VanillicAcid	down	YJR066W
7416	VanillicAcid	down	YAL013W
7516	VanillicAcid	down	YKL212W
7616	VanillicAcid	down	YLR262C
1150	Vanillin	up	YBR266C
2109	Vanillin	up	YJL071W
3107	Vanillin	up	YDR006C
4107	Vanillin	up	YJL120W
5107	Vanillin	up	YBR291C
6106	Vanillin	up	YPR173C
7104	Vanillin	up	YDL013W
8102	Vanillin	up	YHR018C
978	Vanillin	up	YGL005C
1046	Vanillin	up	YBR005W
1154	Vanillin	up	YIL094C
1234	Vanillin	up	YNL003C
1328	Vanillin	up	YGR089W
1424	Vanillin	up	YPL178W
1523	Vanillin	up	YDR393W
1620	Vanillin	up	YIL020C
1718	Vanillin	up	YNL081C
1818	Vanillin	up	YKL124W
1917	Vanillin	up	YEL063C
2018	Vanillin	up	YMR039C
2124	Vanillin	up	YPR191W
2221	Vanillin	up	YGR032W
2320	Vanillin	up	YOR221C
2419	Vanillin	up	YNR041C
2519	Vanillin	up	YGR022C
2620	Vanillin	up	YCR028C-A
2720	Vanillin	up	YGL136C
2818	Vanillin	up	YDR004W
2917	Vanillin	up	YGL010W
3018	Vanillin	up	YBR248C
3124	Vanillin	up	YGL009C
3222	Vanillin	up	YGL154C
3320	Vanillin	up	YJL046W
3418	Vanillin	up	YGR101W
3517	Vanillin	up	YGL105W
3618	Vanillin	up	YLR239C
3718	Vanillin	up	YDR378C
3817	Vanillin	up	YOR125C
3918	Vanillin	up	YKL050C
4018	Vanillin	up	YML016C
4123	Vanillin	up	YDR108W
4221	Vanillin	down	YHL031C
4320	Vanillin	down	YBR164C
4420	Vanillin	down	YIL160C
4519	Vanillin	down	YFL001W
4619	Vanillin	down	YOL006C
4720	Vanillin	down	YLR426W
4819	Vanillin	down	YNL056W
4919	Vanillin	down	YML048W
5019	Vanillin	down	YGL124C
5124	Vanillin	down	YGL165C
5222	Vanillin	down	YHR094C
5321	Vanillin	down	YKL077W
5419	Vanillin	down	YIL152W
5519	Vanillin	down	YNL153C
5619	Vanillin	down	YOR140W
5720	Vanillin	down	YPR119W
5819	Vanillin	down	YOR368W
5918	Vanillin	down	YMR183C
6018	Vanillin	down	YOR083W
6124	Vanillin	down	YPR141C
6221	Vanillin	down	YLL020C
6320	Vanillin	down	YLL019C
6419	Vanillin	down	YOR008C-A
6519	Vanillin	down	YHL025W
6619	Vanillin	down	YLR315W
6719	Vanillin	down	YLR055C
6819	Vanillin	down	YDR485C
6920	Vanillin	down	YGL166W
7020	Vanillin	down	YML121W
7124	Vanillin	down	YJR120W
7221	Vanillin	down	YDR098C
1155	SodiumAcetate	up	YJL120W
2125	SodiumAcetate	up	YMR143W
3108	SodiumAcetate	up	YBR108W
4108	SodiumAcetate	up	YGR014W
5108	SodiumAcetate	up	YIL024C
6107	SodiumAcetate	up	YGR184C
7105	SodiumAcetate	up	YDL096C
8103	SodiumAcetate	up	YOR019W
979	SodiumAcetate	up	YLR242C
1047	SodiumAcetate	up	YER046W-A
1156	SodiumAcetate	up	YNL140C
1235	SodiumAcetate	up	YPL223C
1329	SodiumAcetate	up	YKR034W
2126	SodiumAcetate	down	YBR209W
2222	SodiumAcetate	down	YJL004C
2321	SodiumAcetate	down	YLR056W
2420	SodiumAcetate	down	YMR202W
2520	SodiumAcetate	down	YMR216C
2621	SodiumAcetate	down	YCR086W
2721	SodiumAcetate	down	YDR186C
2819	SodiumAcetate	down	YHL025W
2918	SodiumAcetate	down	YDL020C
3019	SodiumAcetate	down	YLR262C
3125	SodiumAcetate	down	YMR183C
3223	SodiumAcetate	down	YKL050C
3321	SodiumAcetate	down	YLR039C
3419	SodiumAcetate	down	YIL128W
3518	SodiumAcetate	down	YLR261C
3619	SodiumAcetate	down	YDR074W
3719	SodiumAcetate	down	YCR053W
3818	SodiumAcetate	down	YGL115W
3919	SodiumAcetate	down	YML013C-A
4019	SodiumAcetate	down	YCR044C
1157	SodiumButyrate	up	YPL052W
2127	SodiumButyrate	up	YLR443W
3109	SodiumButyrate	up	YHR157W
4109	SodiumButyrate	up	YNL123W
5109	SodiumButyrate	up	YJR053W
6108	SodiumButyrate	up	YHL036W
7106	SodiumButyrate	up	YKL176C
8104	SodiumButyrate	up	YIL153W
980	SodiumButyrate	up	YKL168C
1048	SodiumButyrate	up	YBR144C
1158	SodiumButyrate	up	YPL244C
1236	SodiumButyrate	up	YML027W
1330	SodiumButyrate	up	YMR175W
1425	SodiumButyrate	up	YDL190C
1524	SodiumButyrate	up	YNL192W
1622	SodiumButyrate	up	YDR458C
1719	SodiumButyrate	up	YAR002W
1819	SodiumButyrate	up	YOR358W
1918	SodiumButyrate	up	YER046W-A
2019	SodiumButyrate	up	YCL042W
2128	SodiumButyrate	up	YJL163C
2223	SodiumButyrate	up	YOL007C
2322	SodiumButyrate	up	YJL208C
2421	SodiumButyrate	up	YBR044C
2521	SodiumButyrate	up	YBR026C
2622	SodiumButyrate	up	YAR003W
2722	SodiumButyrate	down	YBR166C
